[
  {
      "name": "HelloRedService",
      "url": "https://github.com/red2center/Filerepo/raw/refs/heads/main/HRService.zip",
      "logo":"https://raw.githubusercontent.com/red2center/appcenter/refs/heads/main/images/HelloRedServiceLogo.png",
      "description":"Discord'a erişm problemlerine çözüm sağlar.",
      "type": "service",
      "post_install_file": "install.cmd",
      "exe_file": null
  },
  {
      "name": "AutoAccept",
      "url": "https://github.com/red2center/Filerepo/raw/refs/heads/main/AutoAccept.zip",
      "logo":"https://raw.githubusercontent.com/red2center/appcenter/refs/heads/main/images/AutoAcceptLogo.png",
      "description":"League Of Legends için otomatik maç arama ve maç kabul etmenizi sağlar.",
      "type": "normal",
      "post_install_file": null,
      "exe_file": "AutoAccept.exe"
  },
  {
      "name": "Hello HWID",
      "url": "https://github.com/red2center/appcenter/raw/refs/heads/main/apps/HelloRedActivation.zip",
      "logo":"https://raw.githubusercontent.com/red2center/appcenter/refs/heads/main/images/key.png",
      "description":"Windows cihazların HWID ile lisans doğrulamasını sağlar.",
      "docs":"https://raw.githubusercontent.com/red2center/appcenter/refs/heads/main/Docs/HWID.md",
      "type": "normal",
      "post_install_file": null,
      "exe_file": "HelloRed HWID Activator.exe",
      "exe_file2": "HelloRed Key Remove.exe",
      "exe_file3": "HelloRed License Control.exe"
  }
]
